title,url
Between The Lines - Digitale Jugendhilfe,https://app.between-the-lines.info/
Between The Lines e. V. - Deutscher Engagementpreis,https://www.deutscher-engagementpreis.de/engagiertenfinder/engagiertendetails/4189-between-the-lines-e-v
Ambulanz Solingen - Between The Lines,https://app.between-the-lines.info/hilfsangebote/1687/ambulanz-solingen
Institutsambulanz Psychiatrie und Psychotherapie Solingen | Between The ...,https://app.between-the-lines.info/hilfsangebote/1682/institutsambulanz-psychiatrie-und-psychotherapie-solingen
Agentur für Arbeit Solingen - Between The Lines,https://app.between-the-lines.info/hilfsangebote/21/agentur-fur-arbeit-solingen
LVR Klinik Langenfeld - Between The Lines,https://app.between-the-lines.info/hilfsangebote/1693/lvr-klinik-langenfeld
"Between The Lines gGmbH, Solingen, Germany - North Data","https://www.northdata.com/Between%20The%20Lines%20gGmbH,%20Solingen/Amtsgericht%20Wuppertal%20HRB%2033099"
Gift Retailer | Between The Lines | United Kingdom,https://www.between.co.uk/
"Between The Lines gGmbH Company Profile | Solingen, Nordrhein-Westfalen ...",https://www.dnb.com/business-directory/company-profiles.between_the_lines_ggmbh.04cdfa4cbd5100cc4efaa45556cacad7.html
Between The Lines gGmbH | LinkedIn,https://qa.linkedin.com/company/between-the-lines-ggmbh
Between The Lines - digitale Jugendhilfe | Landvisionen,https://landvisionen.de/praxis-beispiele/beispiel/https//between-the-linesinfo/
"Between The Lines gGmbH, Solingen - North Data","https://www.northdata.de/Between%20The%20Lines%20gGmbH,%20Solingen/Amtsgericht%20Wuppertal%20HRB%2033099"
Between The Lines gGmbH | LinkedIn,https://de.linkedin.com/company/between-the-lines-ggmbh
Between The Lines gGmbH | LinkedIn,https://at.linkedin.com/company/between-the-lines-ggmbh
Between The Lines gGmbH | LinkedIn,https://pt.linkedin.com/company/between-the-lines-ggmbh
#trauer #solingen #zusammenhalt #gegengewalt | Between The Lines gGmbH,https://www.linkedin.com/posts/between-the-lines-ggmbh_ersch%C3%BCttert-und-voller-mitgef%C3%BChl-die-trag%C3%B6die-activity-7234270601857626112-VBqi
"Between The Lines gGmbH, Solingen | Firmenprofil",https://www.databyte.de/loesungen/firmensuche/firmenprofil/DE+DB55895010307+Wuppertal-HRB-33099
Between The Lines e.V. - Solingen (42659) - YellowMap,https://www.yellowmap.de/Details/D7FI7X9dvU3wiI5BZ8g8TA==.aspx
Between the Lines - HODOT - Webtoons - Lezhin Comics,https://www.lezhinus.com/en/comic/betweenlines
Ansprechpartner*innen in Solingen - Schau nicht weg,https://schaunichtweg.info/ansprechpartnerinnen/
"Between The Lines gGmbH, Solingen | Firmenauskunft",https://firmeneintrag.creditreform.de/42659/5330380574/BETWEEN_THE_LINES_GGMBH
"Between The Lines, Solingen, DE | Unternehmensinformationen",https://www.infobel.com/de/germany/between_the_lines/solingen/DE106252538/businessdetails.aspx
Between The Lines,https://www.betweenthelinesus.com/
Store Locator | Between The Lines,https://www.between.co.uk/store-locator
Between The Lines gGmbH Solingen HRB 33099 - webvalid.de,"https://www.webvalid.de/company/Between+The+Lines+gGmbH,+Solingen/HRB+33099"
PDF Stellungnahme Digital Streetwork Landtag NRW Between The Lines,https://www.landtag.nrw.de/portal/WWW/dokumentenarchiv/Dokument/MMST18-2371.pdf
Förderverein der Projektgruppe Between The Lines e.V ...,https://firmania.de/solingen/f%C3%B6rderverein-der-projektgruppe-between-the-lines-ev-4331411
Between the Lines - Music Theatre International,https://www.mtishows.com/between-the-lines-0
Between The Lines - A New Musical,https://betweenthelinesmusical.com/
"Flight Time from Solingen, Germany to Hoover, AL - Travelmath","https://www.travelmath.com/flying-time/from/Solingen,+Germany/to/Hoover,+AL"
"Flight Time from Solingen, Germany to Fresno, CA - Travelmath","https://www.travelmath.com/flying-time/from/Solingen,+Germany/to/Fresno,+CA"
"Flight Time from Solingen, Germany to Saint Petersburg, FL","https://www.travelmath.com/flying-time/from/Solingen,+Germany/to/Saint+Petersburg,+FL"
Between the Lines (musical) - Wikipedia,https://en.wikipedia.org/wiki/Between_the_Lines_(musical)
Hilfe am Handy - Between The Lines,https://app.between-the-lines.info/hilfsangebote/am-handy
Erschüttert und voller Mitgefühl: Die Tragödie in Solingen | Between ...,https://de.linkedin.com/posts/between-the-lines-ggmbh_trauer-solingen-zusammenhalt-activity-7234270601857626112-dk4k
"Förderverein der Projektgruppe Between The Lines e.V., Solingen",https://web2.cylex.de/firma-home/foerderverein-der-projektgruppe-between-the-lines-e-v--14459029.html
Between the Lines,https://www.betweenthelines.org.uk/
Mediathek | Between The Lines,https://app.between-the-lines.info/mediathek
Between the Lines - FILMED LIVE MUSICALS,https://www.filmedlivemusicals.com/between-the-lines.html
The Solingen - Albion Swords,https://albion-swords.com/product/the-solingen/
Just one German stainless - Which made in Solingen would you choose ...,https://www.kitchenknifeforums.com/threads/just-one-german-stainless-which-made-in-solingen-would-you-choose.66127/
Between the Lines,https://btlbooks.com/
Hilfe vor Ort - Between The Lines,https://app.between-the-lines.info/hilfsangebote/vor-ort
"Distance Solingen > Rome - Air line, driving route, midpoint",https://www.distance.to/Solingen/Rome
"Distance Oer-erkenschwick > Solingen - Air line, driving route, midpoint",https://test.distance.to/oer-erkenschwick/solingen
Distance Between Solingen and Göttingen,https://www.distancefromto.net/between/Solingen/G%C3%B6ttingen
Platz 2: Between the Lines e.V. (Solingen) - Chronik - Profil ...,https://www1.wdr.de/unternehmen/der-wdr/profil/chronik/auszeichnungen/kinderrechtepreis/between-the-lines-106.amp
#trauer #solingen #zusammenhalt #gegengewalt | Between The Lines gGmbH,https://de.linkedin.com/posts/between-the-lines-ggmbh_ersch%C3%BCttert-und-voller-mitgef%C3%BChl-die-trag%C3%B6die-activity-7234270601857626112-VBqi
